Year,Month,Day,Hour,PredictedFWaterLevel
2024,10,23,0,2.7945645
2024,10,23,1,2.7772226
2024,10,23,2,2.8124373
2024,10,23,3,2.7720711
2024,10,23,4,2.7383597
2024,10,23,5,2.7122185
