Year,Month,Day,Hour,PredictedFWaterLevel
2019,12,5,12,0.4257928
2019,12,5,13,0.3119431
2019,12,5,14,0.20825702
2019,12,5,15,0.1545077
2019,12,5,16,0.11177791
2019,12,5,17,0.13055286
