Year,Month,Day,Hour,PredictedFWaterLevel
2019,12,3,0,0.9627366
2019,12,3,1,0.7007248
2019,12,3,2,0.96398115
2019,12,3,3,0.9478392
2019,12,3,4,0.85172945
2019,12,3,5,0.9638377
